﻿{
  "Title": "codeMirror",
  "Description": "CodeMirror を使用した FileMaker 用の分割ビュー付きコードエディタ。リアルタイムで関数を評価できる、モーダルでない最新のデータビューアとして機能します。",
  "Category": "開発ツール",
  "Features": [
    "分割ビューによる関数のリアルタイム評価",
    "FileMaker 計算式の構文ハイライトと補完機能",
    "レスポンシブでサイズ変更可能なエディタインターフェース",
    "最新の CodeMirror ライブラリを使用",
    "計算式のテストやデバッグに最適"
  ],
  "Optimized": [
    "デスクトップ", "タブレット", "モバイル", "WebDirect"
  ]
}