﻿{
  "Title": "codeMirror",
  "Description": "FileMaker를 위한 코드미러 기반 분할 창 코드 에디터. 실시간 함수 미리보기 기능으로 새로운 비모달 데이터 뷰어 역할을 합니다.",
  "Category": "개발자 도구",
  "Features": [
    "분할 화면에서 실시간 함수 평가",
    "FileMaker 수식에 대한 문법 강조 및 자동 완성",
    "반응형 및 크기 조절 가능한 편집기 인터페이스",
    "CodeMirror 라이브러리를 활용한 최신 기능 제공",
    "계산식 테스트 및 디버깅에 최적화"
  ],
  "Optimized": [
    "데스크탑", "태블릿", "모바일", "WebDirect"
  ]
}