﻿{
	"Title": "slideNotify-1",
	"Description": "Lägg till ett snyggt infällbart notifieringspanel i FileMaker-layouts. Widgeten glider in från höger och visar färgkodade aviseringar (Grön, Orange, Röd) med dynamiska uppdateringar.",
	"Category": "Användargränssnitt",
	"Features": [
		"Notifieringspanel som glider in från höger",
		"Tre allvarlighetsnivåer: 0 = Grön, 1 = Orange, 2 = Röd",
		"Anpassningsbar text, färger och automatisk stängning",
		"Dynamiska uppdateringar via FileMaker-skript",
		"Lättviktigt, responsivt och enkelt att integrera",
		"Perfekt för varningar, påminnelser eller statusmeddelanden"
	],
	"Optimized": ["Desktop", "Surfplatta", "Mobil", "WebDirect"]
}