﻿{
	"Title": "slideNotify-2",
	"Description": "Ajoutez un panneau de notification coulissant à vos mises en page FileMaker. Le widget glisse depuis la droite et affiche des alertes codées par couleur (Vert, Orange, Rouge) avec mises à jour dynamiques.",
	"Category": "Interface utilisateur",
	"Features": [
		"Panneau de notification coulissant depuis la droite",
		"Trois niveaux de gravité : 0 = Vert, 1 = Orange, 2 = Rouge",
		"Texte, couleurs et minuterie personnalisables",
		"Mises à jour dynamiques via scripts FileMaker",
		"Léger, réactif et facile à intégrer",
		"Parfait pour alertes, rappels ou messages d’état"
	],
	"Optimized": ["Ordinateur", "Tablette", "Mobile", "WebDirect"]
}