﻿{
	"Title": "Notification#3",
	"Description": "Adicione um painel de notificações deslizante limpo aos layouts do FileMaker. Este widget desliza suavemente da direita e exibe alertas codificados por cores (Cinza, Verde, Laranja, Vermelho) com atualizações dinâmicas.",
	"Category": "Interface do usuário",
	"Features": [
		"Painel de notificação que desliza da direita",
		"Quatro níveis de gravidade: 0 = Cinza, 1 = Verde, 2 = Laranja, 3 = Vermelho",
		"Texto, cores e tempo de fechamento personalizáveis",
		"Atualizações dinâmicas via scripts do FileMaker",
		"Leve, responsivo e fácil de integrar",
		"Ideal para alertas, lembretes ou mensagens de status"
	],
	"Optimized": ["Desktop", "Tablet", "Mobile", "WebDirect"]
}