﻿{
	"Title": "slideNotify-2",
	"Description": "FileMaker レイアウトにスライドイン通知パネルを追加できます。ウィジェットは右からスライドし、色分けされたアラート（緑、オレンジ、赤）を動的に表示します。",
	"Category": "ユーザーインターフェース",
	"Features": [
		"右からスライドインする通知パネル",
		"3つの重要度レベル: 0 = 緑, 1 = オレンジ, 2 = 赤",
		"テキスト・色・自動消去タイマーをカスタマイズ可能",
		"FileMaker スクリプトで動的に更新",
		"軽量でレスポンシブ、統合が簡単",
		"警告、リマインダー、ステータスメッセージに最適"
	],
	"Optimized": ["デスクトップ", "タブレット", "モバイル", "WebDirect"]
}