﻿{
	"Title": "slideNotify-2",
	"Description": "在 FileMaker 布局中添加滑入式通知面板。该组件从右侧平滑滑入，并以颜色显示提示（绿色、橙色、红色），支持动态更新。",
	"Category": "用户界面",
	"Features": [
		"从右侧滑入的通知面板",
		"三个严重级别：0 = 绿色, 1 = 橙色, 2 = 红色",
		"可自定义文本、颜色和自动关闭时间",
		"通过 FileMaker 脚本动态更新",
		"轻量级、响应迅速、易于集成",
		"适用于警报、提醒或状态消息"
	],
	"Optimized": ["桌面", "平板", "手机", "WebDirect"]
}