﻿{
	"Title": "Notification#1",
	"Description": "在 FileMaker 布局中添加一个简洁的滑入式通知面板。该组件从右侧平滑滑入，并显示带有动态更新的颜色编码警报（灰色、绿色、橙色、红色）。",
	"Category": "用户界面",
	"Features": [
		"从右侧滑入的通知面板",
		"四个严重级别：0 = 灰色, 1 = 绿色, 2 = 橙色, 3 = 红色",
		"可自定义文本、颜色和自动关闭时间",
		"通过 FileMaker 脚本动态更新",
		"轻量级、响应迅速、易于集成",
		"适用于警报、提醒或状态消息"
	],
	"Optimized": ["桌面", "平板", "手机", "WebDirect"]
}