﻿{
	"Title": "Notification#1",
	"Description": "FileMaker レイアウトにシンプルなスライド式通知パネルを追加します。このウィジェットは右側からスムーズにスライドし、色分けされたアラート（グレー、緑、オレンジ、赤）を動的に表示します。",
	"Category": "ユーザーインターフェース",
	"Features": [
		"右からスライドインする通知パネル",
		"4つの重大度レベル: 0 = グレー, 1 = 緑, 2 = オレンジ, 3 = 赤",
		"テキスト・色・自動消去タイマーをカスタマイズ可能",
		"FileMaker スクリプトで動的に更新",
		"軽量でレスポンシブ、統合が簡単",
		"警告、リマインダー、ステータスメッセージに最適"
	],
	"Optimized": ["デスクトップ", "タブレット", "モバイル", "WebDirect"]
}