﻿{
	"Title": "Notification#1",
	"Description": "Voeg een strak schuivend meldingenpaneel toe aan FileMaker-layouts. Deze widget schuift soepel van rechts in en toont kleurgecodeerde waarschuwingen (Grijs, Groen, Oranje, Rood) met dynamische updates.",
	"Category": "Gebruikersinterface",
	"Features": [
		"Schuif-in notificatiepaneel van rechts",
		"Vier ernstniveaus: 0 = Grijs, 1 = Groen, 2 = Oranje, 3 = Rood",
		"Aanpasbare tekst, kleuren en automatisch sluiten",
		"Dynamisch bijwerken via FileMaker scripts",
		"Lichtgewicht, responsief en eenvoudig te integreren",
		"Ideaal voor waarschuwingen, herinneringen of statusberichten"
	],
	"Optimized": ["Desktop", "Tablet", "Mobiel", "WebDirect"]
}