﻿{
	"Title": "slideNotify-1",
	"Description": "FileMaker 레이아웃에 슬라이드형 알림 패널을 추가하세요. 위젯은 오른쪽에서 부드럽게 슬라이드되며 색상으로 구분된 알림(녹색, 주황색, 빨간색)을 동적으로 표시합니다.",
	"Category": "사용자 인터페이스",
	"Features": [
		"오른쪽에서 슬라이드되는 알림 패널",
		"3단계 심각도: 0 = 녹색, 1 = 주황색, 2 = 빨간색",
		"텍스트, 색상 및 자동 닫기 타이머 사용자 지정 가능",
		"FileMaker 스크립트로 동적 업데이트",
		"가볍고 반응성이 뛰어나며 손쉽게 통합 가능",
		"경고, 알림 또는 상태 메시지에 적합"
	],
	"Optimized": ["데스크톱", "태블릿", "모바일", "WebDirect"]
}