﻿{
  "Title": "progressRings",
  "Description": "Apple Watch のアクティビティリングにインスパイアされたマルチリング進捗表示を SVG で実現。JSON による完全なカスタマイズが可能で、すべての FileMaker プラットフォームに対応。",
  "Category": "ユーザーインターフェース",
  "Features": [
    "複数の同心円状の進捗リングを表示",
    "各リングは個別に設定可能：色、値、太さ、エンドキャップ",
    "カスタムパディングとデフォルト値をサポート",
    "Web ビューアサイズに自動対応",
    "ズーム補正で常に一貫した表示",
    "FileMaker Pro、Go、WebDirect 用に最適化された SVG"
  ],
  "Optimized": [
    "デスクトップ", "タブレット", "モバイル", "WebDirect"
  ]
}