﻿{
  "Title": "progressRings",
  "Description": "Display multi-ring progress indicators inspired by Apple Watch activity rings using SVG. Fully configurable via JSON and responsive across FileMaker platforms.",
  "Category": "User Interface",
  "Features": [
    "Displays multiple concentric progress arcs",
    "Each ring individually configurable: color, value, stroke, end cap",
    "Supports custom padding and default fallbacks",
    "Responsive to Web Viewer width and height",
    "Zoom-compensated for consistent rendering across devices",
    "Optimized SVG output for FileMaker Pro, Go, and WebDirect"
  ],
  "Optimized": [
    "Desktop", "Tablet", "Mobile", "WebDirect"
  ]
}