﻿{
  "Title": "progressRings",
  "Description": "Muestra indicadores de progreso en anillos múltiples al estilo de los círculos de actividad del Apple Watch usando SVG. Completamente configurable con JSON y compatible con todas las plataformas de FileMaker.",
  "Category": "Interfaz de usuario",
  "Features": [
    "Múltiples anillos de progreso concéntricos",
    "Cada anillo configurable: color, valor, grosor, remate",
    "Admite espacio personalizado y valores predeterminados",
    "Adaptable al tamaño del Web Viewer",
    "Compensación de zoom para visualización uniforme",
    "SVG optimizado para FileMaker Pro, Go y WebDirect"
  ],
  "Optimized": [
    "Escritorio", "Tableta", "Móvil", "WebDirect"
  ]
}