﻿{
  "Title": "progressRings",
  "Description": "Indicador de progresso com múltiplos anéis no estilo do Apple Watch usando SVG. Totalmente personalizável via JSON e compatível com todas as plataformas FileMaker.",
  "Category": "Interface do Usuário",
  "Features": [
    "Vários anéis de progresso concêntricos",
    "Cada anel configurável: cor, valor, espessura, extremidade",
    "Suporte para padding personalizado e valores padrão",
    "Responsivo ao tamanho do Web Viewer",
    "Correção de zoom para renderização consistente",
    "SVG otimizado para FileMaker Pro, Go e WebDirect"
  ],
  "Optimized": [
    "Desktop", "Tablet", "Celular", "WebDirect"
  ]
}