﻿{
  "Title": "progressRings",
  "Description": "Indicatore di progresso a più anelli in stile Apple Watch, creato con SVG. Completamente personalizzabile tramite JSON e compatibile con tutte le piattaforme FileMaker.",
  "Category": "Interfaccia utente",
  "Features": [
    "Anelli di progresso concentrici multipli",
    "Ogni anello è configurabile: colore, valore, spessore, terminale",
    "Supporto per padding personalizzato e valori predefiniti",
    "Adattabile alla dimensione del Web Viewer",
    "Rendering uniforme grazie alla correzione dello zoom",
    "SVG ottimizzato per FileMaker Pro, Go e WebDirect"
  ],
  "Optimized": [
    "Desktop", "Tablet", "Mobile", "WebDirect"
  ]
}