﻿
<DynamicTemplateString>
	<StringID>com.fmi.calculation.text.006C91020F5068694A5ACA64E8BF6ABE</StringID>
	<SourceText>&apos; r=&apos;</SourceText>
	<TargetText>&apos; r=&apos;</TargetText>
	<Comment>com.fmi.calculation.text.&apos; r=&apos;</Comment>
</DynamicTemplateString>

<DynamicTemplateString>
	<StringID>com.fmi.calculation.text.05F836CA8B7AB0DA72A27056B841E966</StringID>
	<SourceText>ring</SourceText>
	<TargetText>ring</TargetText>
	<Comment>com.fmi.calculation.text.ring</Comment>
</DynamicTemplateString>

<DynamicTemplateString>
	<StringID>com.fmi.calculation.text.06AC3C9E7B3F15660C5294BADDE2DFA1</StringID>
	<SourceText><CR/></SourceText>
	<TargetText><CR/></TargetText>
	<Comment>com.fmi.calculation.text._CR/_</Comment>
</DynamicTemplateString>

<DynamicTemplateString>
	<StringID>com.fmi.calculation.text.07FA804B7A1723CDB45B121B7182264D</StringID>
	<SourceText>ring[:]color.foreground</SourceText>
	<TargetText>ring[:]color.foreground</TargetText>
	<Comment>com.fmi.calculation.text.ring[:]color.foreground</Comment>
</DynamicTemplateString>

<DynamicTemplateString>
	<StringID>com.fmi.calculation.text.0A7C3B77D9F32F44C78500C72DA3E54D</StringID>
	<SourceText>&apos; stroke-linecap=&apos;</SourceText>
	<TargetText>&apos; stroke-linecap=&apos;</TargetText>
	<Comment>com.fmi.calculation.text.&apos; stroke-linecap=&apos;</Comment>
</DynamicTemplateString>

<DynamicTemplateString>
	<StringID>com.fmi.calculation.text.0FB122270860D13374996F21902B49E2</StringID>
	<SourceText>height</SourceText>
	<TargetText>height</TargetText>
	<Comment>com.fmi.calculation.text.height</Comment>
</DynamicTemplateString>

<DynamicTemplateString>
	<StringID>com.fmi.calculation.text.108DD642C84EB8218F066CBC24024E2D</StringID>
	<SourceText>&apos; stroke-dashoffset=&apos;</SourceText>
	<TargetText>&apos; stroke-dashoffset=&apos;</TargetText>
	<Comment>com.fmi.calculation.text.&apos; stroke-dashoffset=&apos;</Comment>
</DynamicTemplateString>

<DynamicTemplateString>
	<StringID>com.fmi.calculation.text.124E9F466703A2B5B1F7D8DCDADF2FAA</StringID>
	<SourceText>&lt;svg xmlns=\&quot;http://www.w3.org/2000/svg\&quot; style=\&quot;width:100%;height:100%;\&quot; viewBox=\&quot;0 0 </SourceText>
	<TargetText>&lt;svg xmlns=\&quot;http://www.w3.org/2000/svg\&quot; style=\&quot;width:100%;height:100%;\&quot; viewBox=\&quot;0 0 </TargetText>
	<Comment>com.fmi.calculation.text.&lt;svg xmlns=\&quot;http://www.w3.org/2000/svg\&quot; style=\&quot;width:100%;height:100%;\&quot; viewBox=\&quot;0 0</Comment>
</DynamicTemplateString>

<DynamicTemplateString>
	<StringID>com.fmi.calculation.text.18119C005DCBB6564A42CBB7CEA30FD3</StringID>
	<SourceText>#01B1DE</SourceText>
	<TargetText>#01B1DE</TargetText>
	<Comment>com.fmi.calculation.text.#01B1DE</Comment>
</DynamicTemplateString>

<DynamicTemplateString>
	<StringID>com.fmi.calculation.text.1BFD3D882830AFDBF0786F4E0AD96981</StringID>
	<SourceText>color.foreground</SourceText>
	<TargetText>color.foreground</TargetText>
	<Comment>com.fmi.calculation.text.color.foreground</Comment>
</DynamicTemplateString>

<DynamicTemplateString>
	<StringID>com.fmi.calculation.text.1DA856C8257911214CC8451432BC3DBB</StringID>
	<SourceText> This function creates a circular progress indicator rendered in SVG, using JSON-driven settings <CR/></SourceText>
	<TargetText> This function creates a circular progress indicator rendered in SVG, using JSON-driven settings <CR/></TargetText>
	<Comment>com.fmi.calculation.text. This function creates a circular progress indicator rendered in SVG, using JSON-driven settings _CR/_</Comment>
</DynamicTemplateString>

<DynamicTemplateString>
	<StringID>com.fmi.calculation.text.248F804C1DCA767BE04493F208A08A71</StringID>
	<SourceText>value</SourceText>
	<TargetText>value</TargetText>
	<Comment>com.fmi.calculation.text.value</Comment>
</DynamicTemplateString>

<DynamicTemplateString>
	<StringID>com.fmi.calculation.text.2ACBCDBBE2756BA6DB1839243819F6AC</StringID>
	<SourceText> Data Array Example<CR/></SourceText>
	<TargetText> Data Array Example<CR/></TargetText>
	<Comment>com.fmi.calculation.text. Data Array Example_CR/_</Comment>
</DynamicTemplateString>

<DynamicTemplateString>
	<StringID>com.fmi.calculation.text.2B6984065DE07A6CB127AD5D3A6C271C</StringID>
	<SourceText><TAB/><TAB/>[ &quot;color.background&quot; ; &quot;#CCCCCC&quot; ; 1 ] ;<CR/></SourceText>
	<TargetText><TAB/><TAB/>[ &quot;color.background&quot; ; &quot;#CCCCCC&quot; ; 1 ] ;<CR/></TargetText>
	<Comment>com.fmi.calculation.text._TAB/__TAB/_[ &quot;color.background&quot; ; &quot;#CCCCCC&quot; ; 1 ] ;_CR/_</Comment>
</DynamicTemplateString>

<DynamicTemplateString>
	<StringID>com.fmi.calculation.text.2C9D346BAB49A22D90D9912D3C93B014</StringID>
	<SourceText>#F9D4DF</SourceText>
	<TargetText>#F9D4DF</TargetText>
	<Comment>com.fmi.calculation.text.#F9D4DF</Comment>
</DynamicTemplateString>

<DynamicTemplateString>
	<StringID>com.fmi.calculation.text.2F42FC9329AFFE93085A85D6500BDBB4</StringID>
	<SourceText>color.background</SourceText>
	<TargetText>color.background</TargetText>
	<Comment>com.fmi.calculation.text.color.background</Comment>
</DynamicTemplateString>

<DynamicTemplateString>
	<StringID>com.fmi.calculation.text.31330BE6160A6C29AF91E6D7AD142551</StringID>
	<SourceText>defaultArray</SourceText>
	<TargetText>defaultArray</TargetText>
	<Comment>com.fmi.calculation.text.defaultArray</Comment>
</DynamicTemplateString>

<DynamicTemplateString>
	<StringID>com.fmi.calculation.text.37F0AA91E46AB806D26F6BC3C6E9E028</StringID>
	<SourceText>ring[</SourceText>
	<TargetText>ring[</TargetText>
	<Comment>com.fmi.calculation.text.ring[</Comment>
</DynamicTemplateString>

<DynamicTemplateString>
	<StringID>com.fmi.calculation.text.38AC7DE741E05CBC1EC6BECD5C4A25B7</StringID>
	<SourceText>stroke</SourceText>
	<TargetText>stroke</TargetText>
	<Comment>com.fmi.calculation.text.stroke</Comment>
</DynamicTemplateString>

<DynamicTemplateString>
	<StringID>com.fmi.calculation.text.3C2EC8F2B5F3E841D07A6354AD05377F</StringID>
	<SourceText>dataArray</SourceText>
	<TargetText>dataArray</TargetText>
	<Comment>com.fmi.calculation.text.dataArray</Comment>
</DynamicTemplateString>

<DynamicTemplateString>
	<StringID>com.fmi.calculation.text.454DD36B48548B80AA6CFC160CA3AF1A</StringID>
	<SourceText>&apos; fill=&apos;</SourceText>
	<TargetText>&apos; fill=&apos;</TargetText>
	<Comment>com.fmi.calculation.text.&apos; fill=&apos;</Comment>
</DynamicTemplateString>

<DynamicTemplateString>
	<StringID>com.fmi.calculation.text.46FCBE13FEBEB8A36942A67CA6A2E669</StringID>
	<SourceText>&lt;rect width=&apos;</SourceText>
	<TargetText>&lt;rect width=&apos;</TargetText>
	<Comment>com.fmi.calculation.text.&lt;rect width=&apos;</Comment>
</DynamicTemplateString>

<DynamicTemplateString>
	<StringID>com.fmi.calculation.text.49DBC944CB58336873B919020800EEF9</StringID>
	<SourceText><TAB/><TAB/>[ &quot;font.size&quot; ; 24 ; 2 ] ;<CR/></SourceText>
	<TargetText><TAB/><TAB/>[ &quot;font.size&quot; ; 24 ; 2 ] ;<CR/></TargetText>
	<Comment>com.fmi.calculation.text._TAB/__TAB/_[ &quot;font.size&quot; ; 24 ; 2 ] ;_CR/_</Comment>
</DynamicTemplateString>

<DynamicTemplateString>
	<StringID>com.fmi.calculation.text.4EBE8D9257E8596E8DCABCB96F65429E</StringID>
	<SourceText><TAB/><TAB/>[ &quot;color.text&quot; ; &quot;#000000&quot; ; 1 ] ;<CR/></SourceText>
	<TargetText><TAB/><TAB/>[ &quot;color.text&quot; ; &quot;#000000&quot; ; 1 ] ;<CR/></TargetText>
	<Comment>com.fmi.calculation.text._TAB/__TAB/_[ &quot;color.text&quot; ; &quot;#000000&quot; ; 1 ] ;_CR/_</Comment>
</DynamicTemplateString>

<DynamicTemplateString>
	<StringID>com.fmi.calculation.text.5166182E4A95DEB2A1FC3619A16F46E8</StringID>
	<SourceText><TAB/><TAB/>[ &quot;endCap&quot; ; &quot;&quot; ; 1 ] ; // round, butt, square - or empty<CR/></SourceText>
	<TargetText><TAB/><TAB/>[ &quot;endCap&quot; ; &quot;&quot; ; 1 ] ; // round, butt, square - or empty<CR/></TargetText>
	<Comment>com.fmi.calculation.text._TAB/__TAB/_[ &quot;endCap&quot; ; &quot;&quot; ; 1 ] ; // round, butt, square - or empty_CR/_</Comment>
</DynamicTemplateString>

<DynamicTemplateString>
	<StringID>com.fmi.calculation.text.52ECAAB464A29B70CE89B8DE9F4C48F2</StringID>
	<SourceText>ring[+]value</SourceText>
	<TargetText>ring[+]value</TargetText>
	<Comment>com.fmi.calculation.text.ring[+]value</Comment>
</DynamicTemplateString>

<DynamicTemplateString>
	<StringID>com.fmi.calculation.text.5378E1B48024E46C95FC4420396981EA</StringID>
	<SourceText> round, butt, square - or empty<TAB/><CR/></SourceText>
	<TargetText> round, butt, square - or empty<TAB/><CR/></TargetText>
	<Comment>com.fmi.calculation.text. round, butt, square - or empty_TAB/__CR/_</Comment>
</DynamicTemplateString>

<DynamicTemplateString>
	<StringID>com.fmi.calculation.text.542F715A7F0F9A5D94316E0DE280D6A8</StringID>
	<SourceText><TAB/><TAB/>[ &quot;font.name&quot; ; &quot;Helvetica Neue&quot; ; 1 ] ;<CR/></SourceText>
	<TargetText><TAB/><TAB/>[ &quot;font.name&quot; ; &quot;Helvetica Neue&quot; ; 1 ] ;<CR/></TargetText>
	<Comment>com.fmi.calculation.text._TAB/__TAB/_[ &quot;font.name&quot; ; &quot;Helvetica Neue&quot; ; 1 ] ;_CR/_</Comment>
</DynamicTemplateString>

<DynamicTemplateString>
	<StringID>com.fmi.calculation.text.556E99D4A217AD9EA00C4E671C525C1E</StringID>
	<SourceText>&lt;circle cx=&apos;</SourceText>
	<TargetText>&lt;circle cx=&apos;</TargetText>
	<Comment>com.fmi.calculation.text.&lt;circle cx=&apos;</Comment>
</DynamicTemplateString>

<DynamicTemplateString>
	<StringID>com.fmi.calculation.text.58016D7BE48826BF7888E410F9BBDA05</StringID>
	<SourceText>targetWebViewer</SourceText>
	<TargetText>targetWebViewer</TargetText>
	<Comment>com.fmi.calculation.text.targetWebViewer</Comment>
</DynamicTemplateString>

<DynamicTemplateString>
	<StringID>com.fmi.calculation.text.5A971528F4BD81C2FBC7F0C2805B02FA</StringID>
	<SourceText> GitHub : https://github.com/roxytheman/fmCustomFunctions/blob/856e74f51e52ffa31614fa1c305e789ca88b78d1/functions/progressDoughNut.fmfn<CR/></SourceText>
	<TargetText> GitHub : https://github.com/roxytheman/fmCustomFunctions/blob/856e74f51e52ffa31614fa1c305e789ca88b78d1/functions/progressDoughNut.fmfn<CR/></TargetText>
	<Comment>com.fmi.calculation.text. GitHub : https://github.com/roxytheman/fmCustomFunctions/blob/856e74f51e52ffa31614fa1c305e789ca88b78d1/functions/progressDoughNut.fmfn_CR/_</Comment>
</DynamicTemplateString>

<DynamicTemplateString>
	<StringID>com.fmi.calculation.text.5ABDBB39D1F9C589030E34ABCDC03A10</StringID>
	<SourceText>Web</SourceText>
	<TargetText>Web</TargetText>
	<Comment>com.fmi.calculation.text.Web</Comment>
</DynamicTemplateString>

<DynamicTemplateString>
	<StringID>com.fmi.calculation.text.5B591B635A514FC2B5CC55750CE04301</StringID>
	<SourceText>wv_progressRings_[&lt;^FMXML_AddonInstanceUUID&gt;]</SourceText>
	<TargetText>wv_progressRings_[&lt;^FMXML_AddonInstanceUUID&gt;]</TargetText>
	<Comment>com.fmi.calculation.text.wv_progressRings_[&lt;^FMXML_AddonInstanceUUID&gt;]</Comment>
</DynamicTemplateString>

<DynamicTemplateString>
	<StringID>com.fmi.calculation.text.5ECC3EB33393ED9847AD80E59BDDDBCC</StringID>
	<SourceText><TAB/><TAB/>[ &quot;stroke&quot; ; 20 ; 2 ] ;<CR/></SourceText>
	<TargetText><TAB/><TAB/>[ &quot;stroke&quot; ; 20 ; 2 ] ;<CR/></TargetText>
	<Comment>com.fmi.calculation.text._TAB/__TAB/_[ &quot;stroke&quot; ; 20 ; 2 ] ;_CR/_</Comment>
</DynamicTemplateString>

<DynamicTemplateString>
	<StringID>com.fmi.calculation.text.5FB07D5203EA4B6D483FA572E55D9290</StringID>
	<SourceText><TAB/><TAB/>[ &quot;color.foreground&quot; ; &quot;#CB4400&quot; ; 1 ] ;<CR/></SourceText>
	<TargetText><TAB/><TAB/>[ &quot;color.foreground&quot; ; &quot;#CB4400&quot; ; 1 ] ;<CR/></TargetText>
	<Comment>com.fmi.calculation.text._TAB/__TAB/_[ &quot;color.foreground&quot; ; &quot;#CB4400&quot; ; 1 ] ;_CR/_</Comment>
</DynamicTemplateString>

<DynamicTemplateString>
	<StringID>com.fmi.calculation.text.613A05DAC104485A160FF1A29D938807</StringID>
	<SourceText> surface colour of remaining area <CR/></SourceText>
	<TargetText> surface colour of remaining area <CR/></TargetText>
	<Comment>com.fmi.calculation.text. surface colour of remaining area _CR/_</Comment>
</DynamicTemplateString>

<DynamicTemplateString>
	<StringID>com.fmi.calculation.text.67D27EC96D15776D61FAA580549D8B2A</StringID>
	<SourceText> padding between the rings<CR/></SourceText>
	<TargetText> padding between the rings<CR/></TargetText>
	<Comment>com.fmi.calculation.text. padding between the rings_CR/_</Comment>
</DynamicTemplateString>

<DynamicTemplateString>
	<StringID>com.fmi.calculation.text.72CB376F12A433AE4F3BCF4BC6440887</StringID>
	<SourceText> widgets background colour<CR/></SourceText>
	<TargetText> widgets background colour<CR/></TargetText>
	<Comment>com.fmi.calculation.text. widgets background colour_CR/_</Comment>
</DynamicTemplateString>

<DynamicTemplateString>
	<StringID>com.fmi.calculation.text.741CAD0E9C88DEA0226D1E2E08C5473D</StringID>
	<SourceText>;\&quot;&gt;</SourceText>
	<TargetText>;\&quot;&gt;</TargetText>
	<Comment>com.fmi.calculation.text.;\&quot;&gt;</Comment>
</DynamicTemplateString>

<DynamicTemplateString>
	<StringID>com.fmi.calculation.text.755B1DC5E8D140BCA62DEB24CCBD4D06</StringID>
	<SourceText><TAB/><CR/></SourceText>
	<TargetText><TAB/><CR/></TargetText>
	<Comment>com.fmi.calculation.text._TAB/__CR/_</Comment>
</DynamicTemplateString>

<DynamicTemplateString>
	<StringID>com.fmi.calculation.text.778CA55E2478E6A387DF0DCC5380F0A7</StringID>
	<SourceText>padding</SourceText>
	<TargetText>padding</TargetText>
	<Comment>com.fmi.calculation.text.padding</Comment>
</DynamicTemplateString>

<DynamicTemplateString>
	<StringID>com.fmi.calculation.text.77E82D9183ABA35D6EC88306420CF940</StringID>
	<SourceText> for colours, stroke width, font, and layout. The arc fills /based on a percentage value and features <CR/></SourceText>
	<TargetText> for colours, stroke width, font, and layout. The arc fills /based on a percentage value and features <CR/></TargetText>
	<Comment>com.fmi.calculation.text. for colours, stroke width, font, and layout. The arc fills /based on a percentage value and features _CR/_</Comment>
</DynamicTemplateString>

<DynamicTemplateString>
	<StringID>com.fmi.calculation.text.79DAFBA321E8084042069E25AD389EF2</StringID>
	<SourceText>&lt;/svg&gt;</SourceText>
	<TargetText>&lt;/svg&gt;</TargetText>
	<Comment>com.fmi.calculation.text.&lt;/svg&gt;</Comment>
</DynamicTemplateString>

<DynamicTemplateString>
	<StringID>com.fmi.calculation.text.7CC5FF6AD27E3C110F6E99F32C4868A9</StringID>
	<SourceText> smooth, rounded ends for a polished look. Perfect for visualising completion or status inside FileMaker <CR/></SourceText>
	<TargetText> smooth, rounded ends for a polished look. Perfect for visualising completion or status inside FileMaker <CR/></TargetText>
	<Comment>com.fmi.calculation.text. smooth, rounded ends for a polished look. Perfect for visualising completion or status inside FileMaker _CR/_</Comment>
</DynamicTemplateString>

<DynamicTemplateString>
	<StringID>com.fmi.calculation.text.7DACF4B04B8495F44B44483796D448A9</StringID>
	<SourceText>#E2F2D9</SourceText>
	<TargetText>#E2F2D9</TargetText>
	<Comment>com.fmi.calculation.text.#E2F2D9</Comment>
</DynamicTemplateString>

<DynamicTemplateString>
	<StringID>com.fmi.calculation.text.810C056CBF9EFE395BBCA3732212A234</StringID>
	<SourceText> Use example : progressDoughNut ( 400 ; 400 ; $defaultArray ; $dataArray )<CR/></SourceText>
	<TargetText> Use example : progressDoughNut ( 400 ; 400 ; $defaultArray ; $dataArray )<CR/></TargetText>
	<Comment>com.fmi.calculation.text. Use example : progressDoughNut ( 400 ; 400 ; $defaultArray ; $dataArray )_CR/_</Comment>
</DynamicTemplateString>

<DynamicTemplateString>
	<StringID>com.fmi.calculation.text.81DBB097BD91BDD58AC976DAC49C38AF</StringID>
	<SourceText>&apos; height=&apos;</SourceText>
	<TargetText>&apos; height=&apos;</TargetText>
	<Comment>com.fmi.calculation.text.&apos; height=&apos;</Comment>
</DynamicTemplateString>

<DynamicTemplateString>
	<StringID>com.fmi.calculation.text.85CA4CF3ACBA41C84D076DCF8053749A</StringID>
	<SourceText> SVG wrapper<CR/></SourceText>
	<TargetText> SVG wrapper<CR/></TargetText>
	<Comment>com.fmi.calculation.text. SVG wrapper_CR/_</Comment>
</DynamicTemplateString>

<DynamicTemplateString>
	<StringID>com.fmi.calculation.text.886A369BC6333E30F8BFF87C38B131B0</StringID>
	<SourceText>&lt;html&gt;<CR/>      &lt;meta name=\&quot;viewport\&quot; content=\&quot;width=device-width, initial-scale=1.0, maximum-scale=1.0, user-scalable=no\&quot;&gt;<CR/>        &lt;body style=\&quot;margin:0;padding:0;background:</SourceText>
	<TargetText>&lt;html&gt;<CR/>      &lt;meta name=\&quot;viewport\&quot; content=\&quot;width=device-width, initial-scale=1.0, maximum-scale=1.0, user-scalable=no\&quot;&gt;<CR/>        &lt;body style=\&quot;margin:0;padding:0;background:</TargetText>
	<Comment>com.fmi.calculation.text.&lt;html&gt;_CR/_      &lt;meta name=\&quot;viewport\&quot; content=\&quot;width=device-width, initial-scale=1.0, maximum-scale=1.0, user-scalable=no\&quot;&gt;_CR/_        &lt;body style=\&quot;margin:0;padding:0;background:</Comment>
</DynamicTemplateString>

<DynamicTemplateString>
	<StringID>com.fmi.calculation.text.8967E474E567D8A869E20AF4B21032D8</StringID>
	<SourceText>&apos; cy=&apos;</SourceText>
	<TargetText>&apos; cy=&apos;</TargetText>
	<Comment>com.fmi.calculation.text.&apos; cy=&apos;</Comment>
</DynamicTemplateString>

<DynamicTemplateString>
	<StringID>com.fmi.calculation.text.9286618FE0B2C104A3FBBEC4C6CD20A4</StringID>
	<SourceText> </SourceText>
	<TargetText> </TargetText>
	<Comment>com.fmi.calculation.text.</Comment>
</DynamicTemplateString>

<DynamicTemplateString>
	<StringID>com.fmi.calculation.text.932AB2A8BA8887B9EB7F858085431A08</StringID>
	<SourceText>#DF2F5D</SourceText>
	<TargetText>#DF2F5D</TargetText>
	<Comment>com.fmi.calculation.text.#DF2F5D</Comment>
</DynamicTemplateString>

<DynamicTemplateString>
	<StringID>com.fmi.calculation.text.94EFFD9F2DEC03AAEAA0FFBC189018D2</StringID>
	<SourceText> round, butt, square - or empty<CR/></SourceText>
	<TargetText> round, butt, square - or empty<CR/></TargetText>
	<Comment>com.fmi.calculation.text. round, butt, square - or empty_CR/_</Comment>
</DynamicTemplateString>

<DynamicTemplateString>
	<StringID>com.fmi.calculation.text.94FD8D617EAB602679355DCE7C25A50D</StringID>
	<SourceText><TAB/>JSONSetElement ( &quot;&quot; ; <CR/></SourceText>
	<TargetText><TAB/>JSONSetElement ( &quot;&quot; ; <CR/></TargetText>
	<Comment>com.fmi.calculation.text._TAB/_JSONSetElement ( &quot;&quot; ; _CR/_</Comment>
</DynamicTemplateString>

<DynamicTemplateString>
	<StringID>com.fmi.calculation.text.99BF7F0078B248B66DA8B13421AB2C72</StringID>
	<SourceText>#D6EFF7</SourceText>
	<TargetText>#D6EFF7</TargetText>
	<Comment>com.fmi.calculation.text.#D6EFF7</Comment>
</DynamicTemplateString>

<DynamicTemplateString>
	<StringID>com.fmi.calculation.text.9AD811544C4166DBC2DBC9D4F60D0734</StringID>
	<SourceText>)&apos; /&gt;</SourceText>
	<TargetText>)&apos; /&gt;</TargetText>
	<Comment>com.fmi.calculation.text.)&apos; /&gt;</Comment>
</DynamicTemplateString>

<DynamicTemplateString>
	<StringID>com.fmi.calculation.text.9D8FF6E76AA18BC24F6BF430EC3549F0</StringID>
	<SourceText> BD Link : https://www.briandunning.com/cf/2805<CR/></SourceText>
	<TargetText> BD Link : https://www.briandunning.com/cf/2805<CR/></TargetText>
	<Comment>com.fmi.calculation.text. BD Link : https://www.briandunning.com/cf/2805_CR/_</Comment>
</DynamicTemplateString>

<DynamicTemplateString>
	<StringID>com.fmi.calculation.text.A08170B82DBD5E3B41A26F46D865D32D</StringID>
	<SourceText> Function Name : progressDoughNut<CR/></SourceText>
	<TargetText> Function Name : progressDoughNut<CR/></TargetText>
	<Comment>com.fmi.calculation.text. Function Name : progressDoughNut_CR/_</Comment>
</DynamicTemplateString>

<DynamicTemplateString>
	<StringID>com.fmi.calculation.text.A39349560CE741343DC0E2CE0F880567</StringID>
	<SourceText> Loop over ring indexes<CR/></SourceText>
	<TargetText> Loop over ring indexes<CR/></TargetText>
	<Comment>com.fmi.calculation.text. Loop over ring indexes_CR/_</Comment>
</DynamicTemplateString>

<DynamicTemplateString>
	<StringID>com.fmi.calculation.text.A59A950B3B7A17766E67C3380603EAB1</StringID>
	<SourceText>ring[:]color.background</SourceText>
	<TargetText>ring[:]color.background</TargetText>
	<Comment>com.fmi.calculation.text.ring[:]color.background</Comment>
</DynamicTemplateString>

<DynamicTemplateString>
	<StringID>com.fmi.calculation.text.A95B9EC5863C3E7358A19206B200BAF0</StringID>
	<SourceText> default stroke<CR/></SourceText>
	<TargetText> default stroke<CR/></TargetText>
	<Comment>com.fmi.calculation.text. default stroke_CR/_</Comment>
</DynamicTemplateString>

<DynamicTemplateString>
	<StringID>com.fmi.calculation.text.AB65FCE35171C963DA0D2AB62CE345BB</StringID>
	<SourceText>ring[:]endCap</SourceText>
	<TargetText>ring[:]endCap</TargetText>
	<Comment>com.fmi.calculation.text.ring[:]endCap</Comment>
</DynamicTemplateString>

<DynamicTemplateString>
	<StringID>com.fmi.calculation.text.AEE77D83675800794E2F2A95905D4E56</StringID>
	<SourceText>\&quot; preserveAspectRatio=\&quot;xMidYMid meet\&quot;&gt;</SourceText>
	<TargetText>\&quot; preserveAspectRatio=\&quot;xMidYMid meet\&quot;&gt;</TargetText>
	<Comment>com.fmi.calculation.text.\&quot; preserveAspectRatio=\&quot;xMidYMid meet\&quot;&gt;</Comment>
</DynamicTemplateString>

<DynamicTemplateString>
	<StringID>com.fmi.calculation.text.AF00F351C15C4CFED6996E8722B2DF55</StringID>
	<SourceText>width</SourceText>
	<TargetText>width</TargetText>
	<Comment>com.fmi.calculation.text.width</Comment>
</DynamicTemplateString>

<DynamicTemplateString>
	<StringID>com.fmi.calculation.text.B0FF5FB12BBC97BAF49DC09388F82E04</StringID>
	<SourceText>data:text/html,</SourceText>
	<TargetText>data:text/html,</TargetText>
	<Comment>com.fmi.calculation.text.data:text/html,</Comment>
</DynamicTemplateString>

<DynamicTemplateString>
	<StringID>com.fmi.calculation.text.B2ABA291FD5212C9C650867352B83FBE</StringID>
	<SourceText>&lt;/body&gt;<CR/>      &lt;/html&gt;</SourceText>
	<TargetText>&lt;/body&gt;<CR/>      &lt;/html&gt;</TargetText>
	<Comment>com.fmi.calculation.text.&lt;/body&gt;_CR/_      &lt;/html&gt;</Comment>
</DynamicTemplateString>

<DynamicTemplateString>
	<StringID>com.fmi.calculation.text.B2B7D75C5099E45D5846223BD9ED255C</StringID>
	<SourceText>ring[:]cap</SourceText>
	<TargetText>ring[:]cap</TargetText>
	<Comment>com.fmi.calculation.text.ring[:]cap</Comment>
</DynamicTemplateString>

<DynamicTemplateString>
	<StringID>com.fmi.calculation.text.B4BF536D781343D2808C1C47D4256EC3</StringID>
	<SourceText> Note : See structure and syntax for defaultArray and dataArray below<CR/></SourceText>
	<TargetText> Note : See structure and syntax for defaultArray and dataArray below<CR/></TargetText>
	<Comment>com.fmi.calculation.text. Note : See structure and syntax for defaultArray and dataArray below_CR/_</Comment>
</DynamicTemplateString>

<DynamicTemplateString>
	<StringID>com.fmi.calculation.text.B596AA4631322BB4939C670B8B228CD6</StringID>
	<SourceText>&apos; transform=&apos;rotate(-90 </SourceText>
	<TargetText>&apos; transform=&apos;rotate(-90 </TargetText>
	<Comment>com.fmi.calculation.text.&apos; transform=&apos;rotate(-90</Comment>
</DynamicTemplateString>

<DynamicTemplateString>
	<StringID>com.fmi.calculation.text.B613EA7ED210F1B43EB9CF2D7C456F36</StringID>
	<SourceText>data:image/svg+xml;base64,</SourceText>
	<TargetText>data:image/svg+xml;base64,</TargetText>
	<Comment>com.fmi.calculation.text.data:image/svg+xml;base64,</Comment>
</DynamicTemplateString>

<DynamicTemplateString>
	<StringID>com.fmi.calculation.text.B97170BEF4641DD9DE7F750DC944DBE3</StringID>
	<SourceText><TAB/><TAB/>[ &quot;color.complete&quot; ; &quot;green&quot; ; 1 ] ;<CR/></SourceText>
	<TargetText><TAB/><TAB/>[ &quot;color.complete&quot; ; &quot;green&quot; ; 1 ] ;<CR/></TargetText>
	<Comment>com.fmi.calculation.text._TAB/__TAB/_[ &quot;color.complete&quot; ; &quot;green&quot; ; 1 ] ;_CR/_</Comment>
</DynamicTemplateString>

<DynamicTemplateString>
	<StringID>com.fmi.calculation.text.BB1CAB4EBB051CCC541CB73907734C1A</StringID>
	<SourceText> PROGRESS RINGS<CR/></SourceText>
	<TargetText> PROGRESS RINGS<CR/></TargetText>
	<Comment>com.fmi.calculation.text. PROGRESS RINGS_CR/_</Comment>
</DynamicTemplateString>

<DynamicTemplateString>
	<StringID>com.fmi.calculation.text.BBB71BE88C53A02CCAA1E84677E66289</StringID>
	<SourceText>&apos; /&gt;</SourceText>
	<TargetText>&apos; /&gt;</TargetText>
	<Comment>com.fmi.calculation.text.&apos; /&gt;</Comment>
</DynamicTemplateString>

<DynamicTemplateString>
	<StringID>com.fmi.calculation.text.C32332D3A76B3C07F3CD195ED13DB43E</StringID>
	<SourceText>round</SourceText>
	<TargetText>round</TargetText>
	<Comment>com.fmi.calculation.text.round</Comment>
</DynamicTemplateString>

<DynamicTemplateString>
	<StringID>com.fmi.calculation.text.C50FCD6315B2154FFAA2AF0538E31CD0</StringID>
	<SourceText>endCap</SourceText>
	<TargetText>endCap</TargetText>
	<Comment>com.fmi.calculation.text.endCap</Comment>
</DynamicTemplateString>

<DynamicTemplateString>
	<StringID>com.fmi.calculation.text.C5F749830620EF9EACAB58D5F6EF0187</StringID>
	<SourceText>#67BD46</SourceText>
	<TargetText>#67BD46</TargetText>
	<Comment>com.fmi.calculation.text.#67BD46</Comment>
</DynamicTemplateString>

<DynamicTemplateString>
	<StringID>com.fmi.calculation.text.C6A8BC18B965C3A13BCE7355369FB583</StringID>
	<SourceText>&apos; stroke-dasharray=&apos;</SourceText>
	<TargetText>&apos; stroke-dasharray=&apos;</TargetText>
	<Comment>com.fmi.calculation.text.&apos; stroke-dasharray=&apos;</Comment>
</DynamicTemplateString>

<DynamicTemplateString>
	<StringID>com.fmi.calculation.text.C82C9199005E2B454EE00A313DE0A02D</StringID>
	<SourceText><TAB/>)<CR/></SourceText>
	<TargetText><TAB/>)<CR/></TargetText>
	<Comment>com.fmi.calculation.text._TAB/_)_CR/_</Comment>
</DynamicTemplateString>

<DynamicTemplateString>
	<StringID>com.fmi.calculation.text.C90EE444ACF31F959B4BC8E9B36828CA</StringID>
	<SourceText>#FFFFFF</SourceText>
	<TargetText>#FFFFFF</TargetText>
	<Comment>com.fmi.calculation.text.#FFFFFF</Comment>
</DynamicTemplateString>

<DynamicTemplateString>
	<StringID>com.fmi.calculation.text.CB7A68C052A68EB1007EF58A3D7CB772</StringID>
	<SourceText>&apos;&gt;</SourceText>
	<TargetText>&apos;&gt;</TargetText>
	<Comment>com.fmi.calculation.text.&apos;&gt;</Comment>
</DynamicTemplateString>

<DynamicTemplateString>
	<StringID>com.fmi.calculation.text.CDF2272932810A811B03A6EC3BDE90BF</StringID>
	<SourceText>data:image/svg+xml;utf8,</SourceText>
	<TargetText>data:image/svg+xml;utf8,</TargetText>
	<Comment>com.fmi.calculation.text.data:image/svg+xml;utf8,</Comment>
</DynamicTemplateString>

<DynamicTemplateString>
	<StringID>com.fmi.calculation.text.CEF75404C45B3EEAC0C02889E20103D6</StringID>
	<SourceText> Generates a customisable, rounded progress doughnut <CR/></SourceText>
	<TargetText> Generates a customisable, rounded progress doughnut <CR/></TargetText>
	<Comment>com.fmi.calculation.text. Generates a customisable, rounded progress doughnut _CR/_</Comment>
</DynamicTemplateString>

<DynamicTemplateString>
	<StringID>com.fmi.calculation.text.D0393F39CD9C4C4BA85511D03B8CDE1C</StringID>
	<SourceText> Written by: jonni@me.com<CR/></SourceText>
	<TargetText> Written by: jonni@me.com<CR/></TargetText>
	<Comment>com.fmi.calculation.text. Written by: jonni@me.com_CR/_</Comment>
</DynamicTemplateString>

<DynamicTemplateString>
	<StringID>com.fmi.calculation.text.D098C06CC2517FA75CE220FBD8007074</StringID>
	<SourceText> Background rect<CR/></SourceText>
	<TargetText> Background rect<CR/></TargetText>
	<Comment>com.fmi.calculation.text. Background rect_CR/_</Comment>
</DynamicTemplateString>

<DynamicTemplateString>
	<StringID>com.fmi.calculation.text.D24A4934387BFA14F1EA2F065593CA7C</StringID>
	<SourceText><TAB/><TAB/>[ &quot;displayValue&quot; ; True ; 5 ] ;<CR/></SourceText>
	<TargetText><TAB/><TAB/>[ &quot;displayValue&quot; ; True ; 5 ] ;<CR/></TargetText>
	<Comment>com.fmi.calculation.text._TAB/__TAB/_[ &quot;displayValue&quot; ; True ; 5 ] ;_CR/_</Comment>
</DynamicTemplateString>

<DynamicTemplateString>
	<StringID>com.fmi.calculation.text.D368224758B103B0BB2EFF5175339335</StringID>
	<SourceText>]</SourceText>
	<TargetText>]</TargetText>
	<Comment>com.fmi.calculation.text.]</Comment>
</DynamicTemplateString>

<DynamicTemplateString>
	<StringID>com.fmi.calculation.text.D677C896C850AEEA39FFD76A7EA603D8</StringID>
	<SourceText><TAB/> <TAB/>[ &quot;value&quot; ; 58 ; 2 ]<CR/></SourceText>
	<TargetText><TAB/> <TAB/>[ &quot;value&quot; ; 58 ; 2 ]<CR/></TargetText>
	<Comment>com.fmi.calculation.text._TAB/_ _TAB/_[ &quot;value&quot; ; 58 ; 2 ]_CR/_</Comment>
</DynamicTemplateString>

<DynamicTemplateString>
	<StringID>com.fmi.calculation.text.DA9E602D53500ED9110B8040E0C5ED5A</StringID>
	<SourceText>&apos; fill=&apos;none&apos; stroke=&apos;</SourceText>
	<TargetText>&apos; fill=&apos;none&apos; stroke=&apos;</TargetText>
	<Comment>com.fmi.calculation.text.&apos; fill=&apos;none&apos; stroke=&apos;</Comment>
</DynamicTemplateString>

<DynamicTemplateString>
	<StringID>com.fmi.calculation.text.DABFD27173C21E478BB227F2E919F378</StringID>
	<SourceText> V 1.0</SourceText>
	<TargetText> V 1.0</TargetText>
	<Comment>com.fmi.calculation.text. V 1.0</Comment>
</DynamicTemplateString>

<DynamicTemplateString>
	<StringID>com.fmi.calculation.text.DD3751FE32BC02E6B46B70500259AED3</StringID>
	<SourceText> using SVG for display in a FileMaker Web Viewer.<CR/></SourceText>
	<TargetText> using SVG for display in a FileMaker Web Viewer.<CR/></TargetText>
	<Comment>com.fmi.calculation.text. using SVG for display in a FileMaker Web Viewer._CR/_</Comment>
</DynamicTemplateString>

<DynamicTemplateString>
	<StringID>com.fmi.calculation.text.E0ECE08AC543EE713C8A3805E3EB77A4</StringID>
	<SourceText>&lt;svg xmlns=&apos;http://www.w3.org/2000/svg&apos; width=&apos;100%&apos; height=&apos;100%&apos; viewBox=&apos;0 0 </SourceText>
	<TargetText>&lt;svg xmlns=&apos;http://www.w3.org/2000/svg&apos; width=&apos;100%&apos; height=&apos;100%&apos; viewBox=&apos;0 0 </TargetText>
	<Comment>com.fmi.calculation.text.&lt;svg xmlns=&apos;http://www.w3.org/2000/svg&apos; width=&apos;100%&apos; height=&apos;100%&apos; viewBox=&apos;0 0</Comment>
</DynamicTemplateString>

<DynamicTemplateString>
	<StringID>com.fmi.calculation.text.E1C30449106534D16EEFA6B766B99984</StringID>
	<SourceText><TAB/><TAB/>[ &quot;font.weight&quot; ; &quot;bold&quot; ; 1 ] ;<CR/></SourceText>
	<TargetText><TAB/><TAB/>[ &quot;font.weight&quot; ; &quot;bold&quot; ; 1 ] ;<CR/></TargetText>
	<Comment>com.fmi.calculation.text._TAB/__TAB/_[ &quot;font.weight&quot; ; &quot;bold&quot; ; 1 ] ;_CR/_</Comment>
</DynamicTemplateString>

<DynamicTemplateString>
	<StringID>com.fmi.calculation.text.E211737A5DE9120BF4C6C5E39FB3F92A</StringID>
	<SourceText> Default Array Example<CR/></SourceText>
	<TargetText> Default Array Example<CR/></TargetText>
	<Comment>com.fmi.calculation.text. Default Array Example_CR/_</Comment>
</DynamicTemplateString>

<DynamicTemplateString>
	<StringID>com.fmi.calculation.text.E493454F7221548459F0EFB4B5F052DA</StringID>
	<SourceText><TAB/><TAB/>[ &quot;background.fill&quot; ; &quot;#FFFFFF&quot; ; 1 ] ;<CR/></SourceText>
	<TargetText><TAB/><TAB/>[ &quot;background.fill&quot; ; &quot;#FFFFFF&quot; ; 1 ] ;<CR/></TargetText>
	<Comment>com.fmi.calculation.text._TAB/__TAB/_[ &quot;background.fill&quot; ; &quot;#FFFFFF&quot; ; 1 ] ;_CR/_</Comment>
</DynamicTemplateString>

<DynamicTemplateString>
	<StringID>com.fmi.calculation.text.E847BA4F9B2612D0B7D3671AC950B2B6</StringID>
	<SourceText> surface colour of completed area<CR/></SourceText>
	<TargetText> surface colour of completed area<CR/></TargetText>
	<Comment>com.fmi.calculation.text. surface colour of completed area_CR/_</Comment>
</DynamicTemplateString>

<DynamicTemplateString>
	<StringID>com.fmi.calculation.text.E9BC510D03CF2E05592FFE98859727A2</StringID>
	<SourceText>ring[:]stroke</SourceText>
	<TargetText>ring[:]stroke</TargetText>
	<Comment>com.fmi.calculation.text.ring[:]stroke</Comment>
</DynamicTemplateString>

<DynamicTemplateString>
	<StringID>com.fmi.calculation.text.ED210B06E66CDA7A96EC0FD3FC0BCF74</StringID>
	<SourceText> layouts with no HTML required.<CR/></SourceText>
	<TargetText> layouts with no HTML required.<CR/></TargetText>
	<Comment>com.fmi.calculation.text. layouts with no HTML required._CR/_</Comment>
</DynamicTemplateString>

<DynamicTemplateString>
	<StringID>com.fmi.calculation.text.ED50F0DDE7106D2662A388DC262863AE</StringID>
	<SourceText>&apos; stroke-width=&apos;</SourceText>
	<TargetText>&apos; stroke-width=&apos;</TargetText>
	<Comment>com.fmi.calculation.text.&apos; stroke-width=&apos;</Comment>
</DynamicTemplateString>

<DynamicTemplateString>
	<StringID>com.fmi.calculation.text.EECE2E542B0CDCE586A27B7931BA8BF0</StringID>
	<SourceText>¶</SourceText>
	<TargetText>¶</TargetText>
	<Comment>com.fmi.calculation.text.¶</Comment>
</DynamicTemplateString>

<DynamicTemplateString>
	<StringID>com.fmi.calculation.text.F58F3F17F867E6A67B5990E5E889157C</StringID>
	<SourceText> Parameters : width ; height ; defaultArray ; dataArray<CR/></SourceText>
	<TargetText> Parameters : width ; height ; defaultArray ; dataArray<CR/></TargetText>
	<Comment>com.fmi.calculation.text. Parameters : width ; height ; defaultArray ; dataArray_CR/_</Comment>
</DynamicTemplateString>

<DynamicTemplateString>
	<StringID>com.fmi.calculation.text.F949E2D2310E3763D03BFFDC7095D3B8</StringID>
	<SourceText><TAB/><TAB/>[ &quot;text.complete&quot; ; &quot;Done&quot; ; 1 ]<CR/></SourceText>
	<TargetText><TAB/><TAB/>[ &quot;text.complete&quot; ; &quot;Done&quot; ; 1 ]<CR/></TargetText>
	<Comment>com.fmi.calculation.text._TAB/__TAB/_[ &quot;text.complete&quot; ; &quot;Done&quot; ; 1 ]_CR/_</Comment>
</DynamicTemplateString>

<DynamicTemplateString>
	<StringID>com.fmi.calculation.text.FD54683CDC641B21B0A7253A663E6FA3</StringID>
	<SourceText>&lt;?xml version=&apos;1.0&apos; encoding=&apos;UTF-8&apos;?&gt;</SourceText>
	<TargetText>&lt;?xml version=&apos;1.0&apos; encoding=&apos;UTF-8&apos;?&gt;</TargetText>
	<Comment>com.fmi.calculation.text.&lt;?xml version=&apos;1.0&apos; encoding=&apos;UTF-8&apos;?&gt;</Comment>
</DynamicTemplateString>

<DynamicTemplateString>
	<StringID>com.fmi.calculation.text.FEA7AA5B210F027B5F9133AE57A03C41</StringID>
	<SourceText> set json type to 6 if you want default stroke to rule, otherwise type 2<CR/></SourceText>
	<TargetText> set json type to 6 if you want default stroke to rule, otherwise type 2<CR/></TargetText>
	<Comment>com.fmi.calculation.text. set json type to 6 if you want default stroke to rule, otherwise type 2_CR/_</Comment>
</DynamicTemplateString>

<DynamicTemplateString>
	<StringID>com.fmi.layoutobject.5B591B635A514FC2B5CC55750CE04301</StringID>
	<SourceText>wv_progressRings_[&lt;^FMXML_AddonInstanceUUID&gt;]</SourceText>
	<TargetText>wv_progressRings_[&lt;^FMXML_AddonInstanceUUID&gt;]</TargetText>
	<Comment>com.fmi.layoutobject.wv_progressRings_[&lt;^FMXML_AddonInstanceUUID&gt;]</Comment>
</DynamicTemplateString>

<DynamicTemplateString>
	<StringID>com.fmi.layoutobject.C4689445C3767D24E2EC16FC23D3E2A2</StringID>
	<SourceText>progressRings_[&lt;^FMXML_AddonInstanceUUID&gt;]</SourceText>
	<TargetText>progressRings_[&lt;^FMXML_AddonInstanceUUID&gt;]</TargetText>
	<Comment>com.fmi.layoutobject.progressRings_[&lt;^FMXML_AddonInstanceUUID&gt;]</Comment>
</DynamicTemplateString>

<DynamicTemplateString>
	<StringID>com.fmi.script.8FED6826769A5395E0C9D8D378F22EB1</StringID>
	<SourceText>setProgressRings</SourceText>
	<TargetText>setProgressRings</TargetText>
	<Comment>com.fmi.script.setProgressRings</Comment>
</DynamicTemplateString>

<DynamicTemplateString>
	<StringID>com.fmi.script.folder.4D30D61819A3C0698951013B2BEBFD48</StringID>
	<SourceText>ProgressRings</SourceText>
	<TargetText>ProgressRings</TargetText>
	<Comment>com.fmi.script.folder.ProgressRings</Comment>
</DynamicTemplateString>

<DynamicTemplateString>
	<StringID>com.fmi.scriptstep.text.111839C0417DE18B8CF74F955F50BD29</StringID>
	<SourceText>Dependencies: <TAB/><TAB/>Script Parameter Payload</SourceText>
	<TargetText>Dependencies: <TAB/><TAB/>Script Parameter Payload</TargetText>
	<Comment>com.fmi.scriptstep.text.Dependencies: _TAB/__TAB/_Script Parameter Payload</Comment>
</DynamicTemplateString>

<DynamicTemplateString>
	<StringID>com.fmi.scriptstep.text.530986A5E3A21100C6EA303C0900189E</StringID>
	<SourceText>JSONSetElement ( &quot;&quot; ; <CR/><CR/><TAB/>[ &quot;targetWebViewer&quot; ; &quot;wv_progressRings_[&lt;^FMXML_AddonInstanceUUID&gt;]&quot; ; 1 ] ;<CR/><CR/><TAB/>[ &quot;width&quot; ; GetLayoutObjectAttribute ( &quot;wv_progressRings_[&lt;^FMXML_AddonInstanceUUID&gt;]&quot; ; &quot;width&quot; ) ; 2 ] ;<CR/><TAB/>[ &quot;height&quot; ; GetLayoutObjectAttribute ( &quot;wv_progressRings_[&lt;^FMXML_AddonInstanceUUID&gt;]&quot; ; &quot;height&quot; ) ; 2 ] ;<CR/><CR/><TAB/>[ &quot;defaultArray.color.background&quot; ; &quot;#FFFFFF&quot; ; 1 ] ; // widgets background colour<CR/><CR/><TAB/>[ &quot;defaultArray.endCap&quot; ; &quot;round&quot; ; 1 ] ; // round, butt, square - or empty<TAB/><CR/><TAB/>[ &quot;defaultArray.stroke&quot; ; 14 ; 2 ] ; // default stroke<CR/><TAB/>[ &quot;defaultArray.padding&quot; ; 4 ; 2 ] // padding between the rings<CR/><CR/><TAB/>[ &quot;dataArray.ring[+]value&quot; ; 64 ; 2 ] ;<CR/><TAB/>[ &quot;dataArray.ring[:]color.foreground&quot; ; &quot;#DF2F5D&quot; ; 1 ] ; // surface colour of completed area<CR/><TAB/>[ &quot;dataArray.ring[:]color.background&quot; ; &quot;#F9D4DF&quot; ; 1 ] ; // surface colour of remaining area <CR/><TAB/>[ &quot;dataArray.ring[:]cap&quot; ; &quot;round&quot; ; 1 ] ; // round, butt, square - or empty<CR/><TAB/>[ &quot;dataArray.ring[:]stroke&quot; ; 0 ; 6 ] ; // set json type to 6 if you want default stroke to rule, otherwise type 2<CR/><CR/><TAB/>[ &quot;dataArray.ring[+]value&quot; ; 58 ; 2 ] ;<CR/><TAB/>[ &quot;dataArray.ring[:]color.foreground&quot; ; &quot;#67BD46&quot; ; 1 ] ; // surface colour of completed area<CR/><TAB/>[ &quot;dataArray.ring[:]color.background&quot; ; &quot;#E2F2D9&quot; ; 1 ] ; // surface colour of remaining area <CR/><TAB/>[ &quot;dataArray.ring[:]endCap&quot; ; &quot;&quot; ; 1 ] ; // round, butt, square - or empty<CR/><TAB/>[ &quot;dataArray.ring[:]stroke&quot; ; 0 ; 6 ] ; // set json type to 6 if you want default stroke to rule, otherwise type 2<CR/><CR/><TAB/>[ &quot;dataArray.ring[+]value&quot; ; 38 ; 2 ] ;<CR/><TAB/>[ &quot;dataArray.ring[:]color.foreground&quot; ; &quot;#01B1DE&quot; ; 1 ] ; // surface colour of completed area<CR/><TAB/>[ &quot;dataArray.ring[:]color.background&quot; ; &quot;#D6EFF7&quot; ; 1 ] ; // surface colour of remaining area <CR/><TAB/>[ &quot;dataArray.ring[:]cap&quot; ; &quot;&quot; ; 1 ] ; // round, butt, square - or empty<CR/><TAB/>[ &quot;dataArray.ring[:]stroke&quot; ; 0 ; 6 ]  // set json type to 6 if you want default stroke to rule, otherwise type 2<CR/><CR/>)<CR/><CR/>or<CR/><CR/>JSONSetElement ( &quot;&quot; ; <CR/><CR/><TAB/>[ &quot;targetWebViewer&quot; ; &quot;wv_progressRings_[&lt;^FMXML_AddonInstanceUUID&gt;]&quot; ; JSONString ] ;<CR/><CR/><TAB/>[ &quot;width&quot; ; GetLayoutObjectAttribute ( &quot;wv_progressRings_[&lt;^FMXML_AddonInstanceUUID&gt;]&quot; ; &quot;width&quot; ) ; JSONNumber ] ;<CR/><TAB/>[ &quot;height&quot; ; GetLayoutObjectAttribute ( &quot;wv_progressRings_[&lt;^FMXML_AddonInstanceUUID&gt;]&quot; ; &quot;height&quot; ) ; JSONNumber ] ;<CR/><CR/><TAB/>[ &quot;defaultArray.color.background&quot; ; &quot;#FFFFFF&quot; ; JSONString ] ; // widgets background colour<CR/><CR/><TAB/>[ &quot;defaultArray.endCap&quot; ; &quot;round&quot; ; JSONString ] ; // round, butt, square - or empty<TAB/><CR/><TAB/>[ &quot;defaultArray.stroke&quot; ; 14 ; JSONNumber ] ; // default stroke<CR/><TAB/>[ &quot;defaultArray.padding&quot; ; 4 ; JSONNumber ] // padding between the rings<CR/><CR/><TAB/>[ &quot;dataArray.ring[0]value&quot; ; 64 ; JSONNumber ] ;<CR/><TAB/>[ &quot;dataArray.ring[0]color.foreground&quot; ; &quot;#DF2F5D&quot; ; JSONString ] ; // surface colour of completed area<CR/><TAB/>[ &quot;dataArray.ring[0]color.background&quot; ; &quot;#F9D4DF&quot; ; JSONString ] ; // surface colour of remaining area <CR/><TAB/>[ &quot;dataArray.ring[0]cap&quot; ; &quot;round&quot; ; JSONString ] ; // round, butt, square - or empty<CR/><TAB/>[ &quot;dataArray.ring[0]stroke&quot; ; 0 ; JSONNull ] ; // set json type to JSONNull if you want default stroke to rule, otherwise type JSONNumber<CR/><CR/><TAB/>[ &quot;dataArray.ring[1]value&quot; ; 58 ; JSONNumber ] ;<CR/><TAB/>[ &quot;dataArray.ring[1]color.foreground&quot; ; &quot;#67BD46&quot; ; JSONString ] ; // surface colour of completed area<CR/><TAB/>[ &quot;dataArray.ring[1]color.background&quot; ; &quot;#E2F2D9&quot; ; JSONString ] ; // surface colour of remaining area <CR/><TAB/>[ &quot;dataArray.ring[1]endCap&quot; ; &quot;&quot; ; JSONString ] ; // round, butt, square - or empty<CR/><TAB/>[ &quot;dataArray.ring[1]stroke&quot; ; 0 ; JSONNull ] ; // set json type to JSONNull if you want default stroke to rule, otherwise type JSONNumber<CR/><CR/><TAB/>[ &quot;dataArray.ring[2]value&quot; ; 38 ; JSONNumber ] ;<CR/><TAB/>[ &quot;dataArray.ring[2]color.foreground&quot; ; &quot;#01B1DE&quot; ; JSONString ] ; // surface colour of completed area<CR/><TAB/>[ &quot;dataArray.ring[2]color.background&quot; ; &quot;#D6EFF7&quot; ; JSONString ] ; // surface colour of remaining area <CR/><TAB/>[ &quot;dataArray.ring[2]cap&quot; ; &quot;&quot; ; JSONString ] ; // round, butt, square - or empty<CR/><TAB/>[ &quot;dataArray.ring[2]stroke&quot; ; 0 ; JSONNull ] ; // set json type to JSONNull if you want default stroke to rule, otherwise type JSONNumber<CR/><CR/>)</SourceText>
	<TargetText>JSONSetElement ( &quot;&quot; ; <CR/><CR/><TAB/>[ &quot;targetWebViewer&quot; ; &quot;wv_progressRings_[&lt;^FMXML_AddonInstanceUUID&gt;]&quot; ; 1 ] ;<CR/><CR/><TAB/>[ &quot;width&quot; ; GetLayoutObjectAttribute ( &quot;wv_progressRings_[&lt;^FMXML_AddonInstanceUUID&gt;]&quot; ; &quot;width&quot; ) ; 2 ] ;<CR/><TAB/>[ &quot;height&quot; ; GetLayoutObjectAttribute ( &quot;wv_progressRings_[&lt;^FMXML_AddonInstanceUUID&gt;]&quot; ; &quot;height&quot; ) ; 2 ] ;<CR/><CR/><TAB/>[ &quot;defaultArray.color.background&quot; ; &quot;#FFFFFF&quot; ; 1 ] ; // widgets background colour<CR/><CR/><TAB/>[ &quot;defaultArray.endCap&quot; ; &quot;round&quot; ; 1 ] ; // round, butt, square - or empty<TAB/><CR/><TAB/>[ &quot;defaultArray.stroke&quot; ; 14 ; 2 ] ; // default stroke<CR/><TAB/>[ &quot;defaultArray.padding&quot; ; 4 ; 2 ] // padding between the rings<CR/><CR/><TAB/>[ &quot;dataArray.ring[+]value&quot; ; 64 ; 2 ] ;<CR/><TAB/>[ &quot;dataArray.ring[:]color.foreground&quot; ; &quot;#DF2F5D&quot; ; 1 ] ; // surface colour of completed area<CR/><TAB/>[ &quot;dataArray.ring[:]color.background&quot; ; &quot;#F9D4DF&quot; ; 1 ] ; // surface colour of remaining area <CR/><TAB/>[ &quot;dataArray.ring[:]cap&quot; ; &quot;round&quot; ; 1 ] ; // round, butt, square - or empty<CR/><TAB/>[ &quot;dataArray.ring[:]stroke&quot; ; 0 ; 6 ] ; // set json type to 6 if you want default stroke to rule, otherwise type 2<CR/><CR/><TAB/>[ &quot;dataArray.ring[+]value&quot; ; 58 ; 2 ] ;<CR/><TAB/>[ &quot;dataArray.ring[:]color.foreground&quot; ; &quot;#67BD46&quot; ; 1 ] ; // surface colour of completed area<CR/><TAB/>[ &quot;dataArray.ring[:]color.background&quot; ; &quot;#E2F2D9&quot; ; 1 ] ; // surface colour of remaining area <CR/><TAB/>[ &quot;dataArray.ring[:]endCap&quot; ; &quot;&quot; ; 1 ] ; // round, butt, square - or empty<CR/><TAB/>[ &quot;dataArray.ring[:]stroke&quot; ; 0 ; 6 ] ; // set json type to 6 if you want default stroke to rule, otherwise type 2<CR/><CR/><TAB/>[ &quot;dataArray.ring[+]value&quot; ; 38 ; 2 ] ;<CR/><TAB/>[ &quot;dataArray.ring[:]color.foreground&quot; ; &quot;#01B1DE&quot; ; 1 ] ; // surface colour of completed area<CR/><TAB/>[ &quot;dataArray.ring[:]color.background&quot; ; &quot;#D6EFF7&quot; ; 1 ] ; // surface colour of remaining area <CR/><TAB/>[ &quot;dataArray.ring[:]cap&quot; ; &quot;&quot; ; 1 ] ; // round, butt, square - or empty<CR/><TAB/>[ &quot;dataArray.ring[:]stroke&quot; ; 0 ; 6 ]  // set json type to 6 if you want default stroke to rule, otherwise type 2<CR/><CR/>)<CR/><CR/>or<CR/><CR/>JSONSetElement ( &quot;&quot; ; <CR/><CR/><TAB/>[ &quot;targetWebViewer&quot; ; &quot;wv_progressRings_[&lt;^FMXML_AddonInstanceUUID&gt;]&quot; ; JSONString ] ;<CR/><CR/><TAB/>[ &quot;width&quot; ; GetLayoutObjectAttribute ( &quot;wv_progressRings_[&lt;^FMXML_AddonInstanceUUID&gt;]&quot; ; &quot;width&quot; ) ; JSONNumber ] ;<CR/><TAB/>[ &quot;height&quot; ; GetLayoutObjectAttribute ( &quot;wv_progressRings_[&lt;^FMXML_AddonInstanceUUID&gt;]&quot; ; &quot;height&quot; ) ; JSONNumber ] ;<CR/><CR/><TAB/>[ &quot;defaultArray.color.background&quot; ; &quot;#FFFFFF&quot; ; JSONString ] ; // widgets background colour<CR/><CR/><TAB/>[ &quot;defaultArray.endCap&quot; ; &quot;round&quot; ; JSONString ] ; // round, butt, square - or empty<TAB/><CR/><TAB/>[ &quot;defaultArray.stroke&quot; ; 14 ; JSONNumber ] ; // default stroke<CR/><TAB/>[ &quot;defaultArray.padding&quot; ; 4 ; JSONNumber ] // padding between the rings<CR/><CR/><TAB/>[ &quot;dataArray.ring[0]value&quot; ; 64 ; JSONNumber ] ;<CR/><TAB/>[ &quot;dataArray.ring[0]color.foreground&quot; ; &quot;#DF2F5D&quot; ; JSONString ] ; // surface colour of completed area<CR/><TAB/>[ &quot;dataArray.ring[0]color.background&quot; ; &quot;#F9D4DF&quot; ; JSONString ] ; // surface colour of remaining area <CR/><TAB/>[ &quot;dataArray.ring[0]cap&quot; ; &quot;round&quot; ; JSONString ] ; // round, butt, square - or empty<CR/><TAB/>[ &quot;dataArray.ring[0]stroke&quot; ; 0 ; JSONNull ] ; // set json type to JSONNull if you want default stroke to rule, otherwise type JSONNumber<CR/><CR/><TAB/>[ &quot;dataArray.ring[1]value&quot; ; 58 ; JSONNumber ] ;<CR/><TAB/>[ &quot;dataArray.ring[1]color.foreground&quot; ; &quot;#67BD46&quot; ; JSONString ] ; // surface colour of completed area<CR/><TAB/>[ &quot;dataArray.ring[1]color.background&quot; ; &quot;#E2F2D9&quot; ; JSONString ] ; // surface colour of remaining area <CR/><TAB/>[ &quot;dataArray.ring[1]endCap&quot; ; &quot;&quot; ; JSONString ] ; // round, butt, square - or empty<CR/><TAB/>[ &quot;dataArray.ring[1]stroke&quot; ; 0 ; JSONNull ] ; // set json type to JSONNull if you want default stroke to rule, otherwise type JSONNumber<CR/><CR/><TAB/>[ &quot;dataArray.ring[2]value&quot; ; 38 ; JSONNumber ] ;<CR/><TAB/>[ &quot;dataArray.ring[2]color.foreground&quot; ; &quot;#01B1DE&quot; ; JSONString ] ; // surface colour of completed area<CR/><TAB/>[ &quot;dataArray.ring[2]color.background&quot; ; &quot;#D6EFF7&quot; ; JSONString ] ; // surface colour of remaining area <CR/><TAB/>[ &quot;dataArray.ring[2]cap&quot; ; &quot;&quot; ; JSONString ] ; // round, butt, square - or empty<CR/><TAB/>[ &quot;dataArray.ring[2]stroke&quot; ; 0 ; JSONNull ] ; // set json type to JSONNull if you want default stroke to rule, otherwise type JSONNumber<CR/><CR/>)</TargetText>
	<Comment>com.fmi.scriptstep.text.JSONSetElement ( &quot;&quot; ; _CR/__CR/__TAB/_[ &quot;targetWebViewer&quot; ; &quot;wv_progressRings_[&lt;^FMXML_AddonInstanceUUID&gt;]&quot; ; 1 ] ;_CR/__CR/__TAB/_[ &quot;width&quot; ; GetLayoutObjectAttribute ( &quot;wv_progressRings_[&lt;^FMXML_AddonInstanceUUID&gt;]&quot; ; &quot;width&quot; ) ; 2 ] ;_CR/__TAB/_[ &quot;height&quot; ; GetLayoutObjectAttribute ( &quot;wv_progressRings_[&lt;^FMXML_AddonInstanceUUID&gt;]&quot; ; &quot;height&quot; ) ; 2 ] ;_CR/__CR/__TAB/_[ &quot;defaultArray.color.background&quot; ; &quot;#FFFFFF&quot; ; 1 ] ; // widgets background colour_CR/__CR/__TAB/_[ &quot;defaultArray.endCap&quot; ; &quot;round&quot; ; 1 ] ; // round, butt, square - or empty_TAB/__CR/__TAB/_[ &quot;defaultArray.stroke&quot; ; 14 ; 2 ] ; // default stroke_CR/__TAB/_[ &quot;defaultArray.padding&quot; ; 4 ; 2 ] // padding between the rings_CR/__CR/__TAB/_[ &quot;dataArray.ring[+]value&quot; ; 64 ; 2 ] ;_CR/__TAB/_[ &quot;dataArray.ring[:]color.foreground&quot; ; &quot;#DF2F5D&quot; ; 1 ] ; // surface colour of completed area_CR/__TAB/_[ &quot;dataArray.ring[:]color.background&quot; ; &quot;#F9D4DF&quot; ; 1 ] ; // surface colour of remaining area _CR/__TAB/_[ &quot;dataArray.ring[:]cap&quot; ; &quot;round&quot; ; 1 ] ; // round, butt, square - or empty_CR/__TAB/_[ &quot;dataArray.ring[:]stroke&quot; ; 0 ; 6 ] ; // set json type to 6 if you want default stroke to rule, otherwise type 2_CR/__CR/__TAB/_[ &quot;dataArray.ring[+]value&quot; ; 58 ; 2 ] ;_CR/__TAB/_[ &quot;dataArray.ring[:]color.foreground&quot; ; &quot;#67BD46&quot; ; 1 ] ; // surface colour of completed area_CR/__TAB/_[ &quot;dataArray.ring[:]color.background&quot; ; &quot;#E2F2D9&quot; ; 1 ] ; // surface colour of remaining area _CR/__TAB/_[ &quot;dataArray.ring[:]endCap&quot; ; &quot;&quot; ; 1 ] ; // round, butt, square - or empty_CR/__TAB/_[ &quot;dataArray.ring[:]stroke&quot; ; 0 ; 6 ] ; // set json type to 6 if you want default stroke to rule, otherwise type 2_CR/__CR/__TAB/_[ &quot;dataArray.ring[+]value&quot; ; 38 ; 2 ] ;_CR/__TAB/_[ &quot;dataArray.ring[:]color.foreground&quot; ; &quot;#01B1DE&quot; ; 1 ] ; // surface colour of completed area_CR/__TAB/_[ &quot;dataArray.ring[:]color.background&quot; ; &quot;#D6EFF7&quot; ; 1 ] ; // surface colour of remaining area _CR/__TAB/_[ &quot;dataArray.ring[:]cap&quot; ; &quot;&quot; ; 1 ] ; // round, butt, square - or empty_CR/__TAB/_[ &quot;dataArray.ring[:]stroke&quot; ; 0 ; 6 ]  // set json type to 6 if you want default stroke to rule, otherwise type 2_CR/__CR/_)_CR/__CR/_or_CR/__CR/_JSONSetElement ( &quot;&quot; ; _CR/__CR/__TAB/_[ &quot;targetWebViewer&quot; ; &quot;wv_progressRings_[&lt;^FMXML_AddonInstanceUUID&gt;]&quot; ; JSONString ] ;_CR/__CR/__TAB/_[ &quot;width&quot; ; GetLayoutObjectAttribute ( &quot;wv_progressRings_[&lt;^FMXML_AddonInstanceUUID&gt;]&quot; ; &quot;width&quot; ) ; JSONNumber ] ;_CR/__TAB/_[ &quot;height&quot; ; GetLayoutObjectAttribute ( &quot;wv_progressRings_[&lt;^FMXML_AddonInstanceUUID&gt;]&quot; ; &quot;height&quot; ) ; JSONNumber ] ;_CR/__CR/__TAB/_[ &quot;defaultArray.color.background&quot; ; &quot;#FFFFFF&quot; ; JSONString ] ; // widgets background colour_CR/__CR/__TAB/_[ &quot;defaultArray.endCap&quot; ; &quot;round&quot; ; JSONString ] ; // round, butt, square - or empty_TAB/__CR/__TAB/_[ &quot;defaultArray.stroke&quot; ; 14 ; JSONNumber ] ; // default stroke_CR/__TAB/_[ &quot;defaultArray.padding&quot; ; 4 ; JSONNumber ] // padding between the rings_CR/__CR/__TAB/_[ &quot;dataArray.ring[0]value&quot; ; 64 ; JSONNumber ] ;_CR/__TAB/_[ &quot;dataArray.ring[0]color.foreground&quot; ; &quot;#DF2F5D&quot; ; JSONString ] ; // surface colour of completed area_CR/__TAB/_[ &quot;dataArray.ring[0]color.background&quot; ; &quot;#F9D4DF&quot; ; JSONString ] ; // surface colour of remaining area _CR/__TAB/_[ &quot;dataArray.ring[0]cap&quot; ; &quot;round&quot; ; JSONString ] ; // round, butt, square - or empty_CR/__TAB/_[ &quot;dataArray.ring[0]stroke&quot; ; 0 ; JSONNull ] ; // set json type to JSONNull if you want default stroke to rule, otherwise type JSONNumber_CR/__CR/__TAB/_[ &quot;dataArray.ring[1]value&quot; ; 58 ; JSONNumber ] ;_CR/__TAB/_[ &quot;dataArray.ring[1]color.foreground&quot; ; &quot;#67BD46&quot; ; JSONString ] ; // surface colour of completed area_CR/__TAB/_[ &quot;dataArray.ring[1]color.background&quot; ; &quot;#E2F2D9&quot; ; JSONString ] ; // surface colour of remaining area _CR/__TAB/_[ &quot;dataArray.ring[1]endCap&quot; ; &quot;&quot; ; JSONString ] ; // round, butt, square - or empty_CR/__TAB/_[ &quot;dataArray.ring[1]stroke&quot; ; 0 ; JSONNull ] ; // set json type to JSONNull if you want default stroke to rule, otherwise type JSONNumber_CR/__CR/__TAB/_[ &quot;dataArray.ring[2]value&quot; ; 38 ; JSONNumber ] ;_CR/__TAB/_[ &quot;dataArray.ring[2]color.foreground&quot; ; &quot;#01B1DE&quot; ; JSONString ] ; // surface colour of completed area_CR/__TAB/_[ &quot;dataArray.ring[2]color.background&quot; ; &quot;#D6EFF7&quot; ; JSONString ] ; // surface colour of remaining area _CR/__TAB/_[ &quot;dataArray.ring[2]cap&quot; ; &quot;&quot; ; JSONString ] ; // round, butt, square - or empty_CR/__TAB/_[ &quot;dataArray.ring[2]stroke&quot; ; 0 ; JSONNull ] ; // set json type to JSONNull if you want default stroke to rule, otherwise type JSONNumber_CR/__CR/_)</Comment>
</DynamicTemplateString>

<DynamicTemplateString>
	<StringID>com.fmi.scriptstep.text.6E93D27030534AD82F0364250B306C64</StringID>
	<SourceText>Subscripts Called: <TAB/>None</SourceText>
	<TargetText>Subscripts Called: <TAB/>None</TargetText>
	<Comment>com.fmi.scriptstep.text.Subscripts Called: _TAB/_None</Comment>
</DynamicTemplateString>

<DynamicTemplateString>
	<StringID>com.fmi.scriptstep.text.6E96280280625FFE31D24B92F3A2AD18</StringID>
	<SourceText>SET PROGRESS RINGS</SourceText>
	<TargetText>SET PROGRESS RINGS</TargetText>
	<Comment>com.fmi.scriptstep.text.SET PROGRESS RINGS</Comment>
</DynamicTemplateString>

<DynamicTemplateString>
	<StringID>com.fmi.scriptstep.text.792EBC91E09127C8D24C5CC3903E34AD</StringID>
	<SourceText>Written on 03.05.2025 |  Updated: 00.00.0000  | Valid: Yes  |  By: jonni@me.com</SourceText>
	<TargetText>Written on 03.05.2025 |  Updated: 00.00.0000  | Valid: Yes  |  By: jonni@me.com</TargetText>
	<Comment>com.fmi.scriptstep.text.Written on 03.05.2025 |  Updated: 00.00.0000  | Valid: Yes  |  By: jonni@me.com</Comment>
</DynamicTemplateString>

<DynamicTemplateString>
	<StringID>com.fmi.scriptstep.text.97B4ADC134BC05D7BB2B0C68EED55D41</StringID>
	<SourceText>Loads a new progress rings into targeted WebViewer</SourceText>
	<TargetText>Loads a new progress rings into targeted WebViewer</TargetText>
	<Comment>com.fmi.scriptstep.text.Loads a new progress rings into targeted WebViewer</Comment>
</DynamicTemplateString>

<DynamicTemplateString>
	<StringID>com.fmi.scriptstep.text.ABA09ABEAE968FCB2D7635E45EE3A6A6</StringID>
	<SourceText>Scripts Called: <TAB/><TAB/>None</SourceText>
	<TargetText>Scripts Called: <TAB/><TAB/>None</TargetText>
	<Comment>com.fmi.scriptstep.text.Scripts Called: _TAB/__TAB/_None</Comment>
</DynamicTemplateString>

<DynamicTemplateString>
	<StringID>com.fmi.scriptstep.text.CDFDD882E2FC15C7EB360422FE24AC03</StringID>
	<SourceText>++++++++++++++++++++++++++++++++++++++++++++++++</SourceText>
	<TargetText>++++++++++++++++++++++++++++++++++++++++++++++++</TargetText>
	<Comment>com.fmi.scriptstep.text.++++++++++++++++++++++++++++++++++++++++++++++++</Comment>
</DynamicTemplateString>

<DynamicTemplateString>
	<StringID>com.fmi.scriptstep.text.D129570CB279FF510C8A67E223CC63A5</StringID>
	<SourceText>Compatibility: <TAB/><TAB/>FileMaker 18+</SourceText>
	<TargetText>Compatibility: <TAB/><TAB/>FileMaker 18+</TargetText>
	<Comment>com.fmi.scriptstep.text.Compatibility: _TAB/__TAB/_FileMaker 18+</Comment>
</DynamicTemplateString>

<DynamicTemplateString>
	<StringID>com.fmi.scriptstep.text.E9F886B04A084FD7228EF2E0BC9822E7</StringID>
	<SourceText>Activation: <TAB/><TAB/><TAB/>User action, script or trigger</SourceText>
	<TargetText>Activation: <TAB/><TAB/><TAB/>User action, script or trigger</TargetText>
	<Comment>com.fmi.scriptstep.text.Activation: _TAB/__TAB/__TAB/_User action, script or trigger</Comment>
</DynamicTemplateString>

<DynamicTemplateString>
	<StringID>com.fmi.scriptstep.text.F8C692C443F93C94F89751BC18D8150A</StringID>
	<SourceText>Expected Payload Syntax</SourceText>
	<TargetText>Expected Payload Syntax</TargetText>
	<Comment>com.fmi.scriptstep.text.Expected Payload Syntax</Comment>
</DynamicTemplateString>
